customer_id,country,segment,last_order_date,inactive_days,churn_risk
C0001,India,Premium,2025-09-28,94,High
C0002,India,Family,2025-12-17,14,Low
C0003,India,Family,2025-11-01,60,Low
C0004,India,Family,2025-09-24,98,High
C0005,India,Premium,2025-12-18,13,Low
C0006,Canada,Young Professional,2025-08-13,140,High
C0007,India,Young Professional,2025-07-28,156,High
C0008,Canada,Student,2025-12-08,23,Low
C0009,Canada,Young Professional,2025-07-17,167,High
C0010,Canada,Young Professional,2025-05-13,232,High
C0011,India,Young Professional,2025-11-02,59,Low
C0012,Canada,Young Professional,2025-11-26,35,Low
C0013,India,Small Business,2025-08-15,138,High
C0014,India,Young Professional,2025-11-11,50,Low
C0015,Canada,Young Professional,2025-09-23,99,High
C0016,Canada,Student,2025-07-28,156,High
C0017,India,Family,2025-08-14,139,High
C0018,India,Premium,2025-09-18,104,High
C0019,India,Premium,2025-05-22,223,High
C0020,India,Small Business,2025-07-26,158,High
C0021,Canada,Family,2025-05-01,244,High
C0022,Canada,Young Professional,2025-11-04,57,Low
C0023,Canada,Family,2025-05-08,237,High
C0024,Canada,Small Business,2025-12-16,15,Low
C0025,Canada,Premium,2025-12-12,19,Low
C0026,India,Young Professional,2025-07-29,155,High
C0027,India,Young Professional,2025-10-05,87,Low
C0028,Canada,Premium,2025-08-25,128,High
C0029,India,Premium,2025-12-19,12,Low
C0030,Canada,Young Professional,2025-11-22,39,Low
C0031,India,Small Business,2025-09-17,105,High
C0032,India,Young Professional,2025-06-19,195,High
C0033,India,Young Professional,2025-07-09,175,High
C0034,India,Young Professional,2024-02-21,679,High
C0035,Canada,Young Professional,2025-05-02,243,High
C0036,India,Premium,2025-12-30,1,Low
C0037,India,Family,2025-07-09,175,High
C0038,India,Family,2025-10-02,90,High
C0039,India,Premium,2025-12-30,1,Low
C0040,Canada,Small Business,2025-12-13,18,Low
C0041,Canada,Family,2025-10-06,86,Low
C0042,India,Student,2025-01-08,357,High
C0043,India,Student,2025-10-08,84,Low
C0044,India,Small Business,2025-06-11,203,High
C0045,India,Young Professional,2025-08-03,150,High
C0046,India,Young Professional,2025-03-11,295,High
C0047,Canada,Premium,2025-07-13,171,High
C0048,India,Student,2025-12-11,20,Low
C0049,Canada,Family,2025-03-02,304,High
C0050,India,Young Professional,2025-12-26,5,Low
C0051,India,Young Professional,2024-08-09,509,High
C0052,India,Young Professional,2025-10-26,66,Low
C0053,India,Premium,2025-10-22,70,Low
C0054,India,Family,2025-12-18,13,Low
C0055,India,Small Business,2025-03-28,278,High
C0056,India,Family,2025-10-24,68,Low
C0057,Canada,Young Professional,2025-11-09,52,Low
C0058,Canada,Small Business,2025-12-29,2,Low
C0059,Canada,Family,2025-06-09,205,High
C0060,Canada,Young Professional,2025-10-31,61,Low
C0061,India,Premium,2025-11-13,48,Low
C0062,Canada,Student,2025-11-01,60,Low
C0063,India,Small Business,2025-10-30,62,Low
C0064,India,Family,2025-05-09,236,High
C0065,India,Student,2025-12-19,12,Low
C0066,India,Family,2025-06-21,193,High
C0067,Canada,Family,2025-09-20,102,High
C0068,Canada,Family,2025-07-29,155,High
C0069,Canada,Young Professional,2025-10-27,65,Low
C0070,Canada,Small Business,2025-09-04,118,High
C0071,India,Family,2025-09-22,100,High
C0072,India,Family,2025-10-14,78,Low
C0073,India,Small Business,2025-08-21,132,High
C0074,Canada,Young Professional,2025-08-09,144,High
C0075,Canada,Small Business,2025-05-19,226,High
C0076,India,Young Professional,2025-08-24,129,High
C0077,India,Student,2025-11-03,58,Low
C0078,India,Young Professional,2025-10-30,62,Low
C0079,Canada,Family,2025-11-24,37,Low
C0080,Canada,Small Business,2025-11-26,35,Low
C0081,India,Family,2025-04-27,248,High
C0082,India,Premium,2025-11-28,33,Low
C0083,Canada,Premium,2025-11-22,39,Low
C0084,Canada,Student,2025-11-02,59,Low
C0085,India,Student,2025-11-12,49,Low
C0086,India,Young Professional,2025-12-01,30,Low
C0087,India,Young Professional,2025-12-12,19,Low
C0088,India,Premium,2025-08-29,124,High
C0089,Canada,Premium,2025-12-08,23,Low
C0090,India,Small Business,2025-11-27,34,Low
C0091,Canada,Young Professional,2025-09-20,102,High
C0092,Canada,Young Professional,2025-10-16,76,Low
C0093,India,Premium,2025-12-26,5,Low
C0094,India,Premium,2025-03-10,296,High
C0095,Canada,Young Professional,2025-09-02,120,High
C0096,Canada,Young Professional,2025-11-10,51,Low
C0097,Canada,Family,2025-12-07,24,Low
C0098,Canada,Student,2025-12-11,20,Low
C0099,India,Small Business,2025-12-29,2,Low
C0100,India,Family,2024-10-11,446,High
C0101,Canada,Family,2025-12-18,13,Low
C0102,Canada,Young Professional,2024-12-17,379,High
C0103,Canada,Family,2025-10-12,80,Low
C0104,India,Family,2025-08-28,125,High
C0105,Canada,Young Professional,2025-06-25,189,High
C0106,Canada,Young Professional,2025-12-08,23,Low
C0107,Canada,Family,2025-04-19,256,High
C0108,Canada,Family,2025-10-23,69,Low
C0109,India,Young Professional,2025-11-04,57,Low
C0110,Canada,Family,2025-11-16,45,Low
C0111,Canada,Family,2025-08-25,128,High
C0112,Canada,Premium,2024-08-12,506,High
C0113,Canada,Premium,2025-10-01,91,High
C0114,India,Small Business,2025-10-23,69,Low
C0115,India,Young Professional,2025-10-12,80,Low
C0116,India,Family,2025-08-11,142,High
C0117,India,Premium,2025-11-11,50,Low
C0118,Canada,Family,2025-09-26,96,High
C0119,India,Young Professional,2025-10-30,62,Low
C0120,Canada,Family,2025-09-29,93,High
C0121,Canada,Family,2025-12-14,17,Low
C0122,Canada,Young Professional,2025-10-27,65,Low
C0123,Canada,Family,2025-12-08,23,Low
C0124,Canada,Premium,2025-12-01,30,Low
C0125,Canada,Small Business,2025-12-06,25,Low
C0126,India,Young Professional,2025-10-14,78,Low
C0127,India,Young Professional,2025-12-04,27,Low
C0128,Canada,Student,2025-06-13,201,High
C0129,Canada,Small Business,2025-12-28,3,Low
C0130,Canada,Student,2025-04-22,253,High
C0131,Canada,Family,2025-11-15,46,Low
C0132,India,Young Professional,2025-06-30,184,High
C0133,India,Young Professional,2025-09-26,96,High
C0134,Canada,Premium,2025-11-17,44,Low
C0135,India,Family,2025-12-09,22,Low
C0136,India,Family,2025-08-20,133,High
C0137,India,Young Professional,2025-08-08,145,High
C0138,Canada,Young Professional,2025-12-30,1,Low
C0139,Canada,Young Professional,2025-11-19,42,Low
C0140,India,Student,2025-05-11,234,High
C0141,India,Student,2025-09-02,120,High
C0142,India,Small Business,2025-09-17,105,High
C0143,India,Young Professional,2025-11-20,41,Low
C0144,India,Small Business,2025-09-29,93,High
C0145,Canada,Young Professional,2025-10-31,61,Low
C0146,India,Small Business,2025-12-29,2,Low
C0147,India,Family,2025-12-11,20,Low
C0148,Canada,Small Business,2025-12-11,20,Low
C0149,India,Family,2025-10-31,61,Low
C0150,India,Premium,2025-09-07,115,High
C0151,Canada,Young Professional,2025-04-21,254,High
C0152,Canada,Premium,2025-09-25,97,High
C0153,India,Small Business,2025-10-15,77,Low
C0154,Canada,Family,2025-09-07,115,High
C0155,Canada,Premium,2025-10-07,85,Low
C0156,Canada,Family,2025-12-21,10,Low
C0157,Canada,Premium,2025-11-06,55,Low
C0158,India,Small Business,2025-06-25,189,High
C0159,Canada,Family,2025-02-15,319,High
C0160,India,Premium,2025-12-23,8,Low
C0161,India,Premium,2025-08-28,125,High
C0162,Canada,Student,2025-12-03,28,Low
C0163,India,Premium,2025-12-14,17,Low
C0164,India,Family,2024-08-18,500,High
C0165,India,Young Professional,2025-06-14,200,High
C0166,India,Family,2025-10-24,68,Low
C0167,Canada,Small Business,2025-11-12,49,Low
C0168,Canada,Young Professional,2025-03-22,284,High
C0169,India,Young Professional,2025-12-05,26,Low
C0170,India,Young Professional,2025-12-12,19,Low
C0171,Canada,Premium,2025-12-07,24,Low
C0172,Canada,Young Professional,2025-10-02,90,High
C0173,India,Student,2025-11-18,43,Low
C0174,Canada,Family,2025-06-11,203,High
C0175,India,Family,2025-11-08,53,Low
C0176,Canada,Young Professional,2025-12-19,12,Low
C0177,Canada,Premium,2025-09-22,100,High
C0178,India,Family,2025-10-14,78,Low
C0179,India,Small Business,2025-11-29,32,Low
C0180,India,Family,2025-11-21,40,Low
C0181,India,Young Professional,2025-12-25,6,Low
C0182,Canada,Small Business,2025-11-24,37,Low
C0183,India,Small Business,2025-07-18,166,High
C0184,India,Young Professional,2025-08-30,123,High
C0185,India,Young Professional,2025-06-30,184,High
C0186,India,Family,2025-02-21,313,High
C0187,Canada,Young Professional,2025-12-11,20,Low
C0188,Canada,Family,2024-11-22,404,High
C0189,India,Student,2025-12-29,2,Low
C0190,India,Premium,2025-03-15,291,High
C0191,India,Family,2025-09-15,107,High
C0192,Canada,Young Professional,2025-09-12,110,High
C0193,Canada,Family,2025-11-02,59,Low
C0194,India,Student,2025-05-27,218,High
C0195,Canada,Young Professional,2025-12-29,2,Low
C0196,India,Family,2025-12-26,5,Low
C0197,India,Family,2025-12-05,26,Low
C0198,Canada,Small Business,2025-06-01,213,High
C0199,Canada,Family,2025-04-21,254,High
C0200,Canada,Premium,2025-09-19,103,High
C0201,Canada,Family,2025-12-26,5,Low
C0202,India,Student,2025-11-30,31,Low
C0203,India,Premium,2025-11-02,59,Low
C0204,India,Premium,2025-09-29,93,High
C0205,India,Family,2025-12-10,21,Low
C0206,Canada,Family,2025-11-28,33,Low
C0207,Canada,Young Professional,2025-03-23,283,High
C0208,Canada,Student,2025-12-23,8,Low
C0209,India,Young Professional,2025-11-28,33,Low
C0210,Canada,Young Professional,2025-10-30,62,Low
C0211,India,Small Business,2025-12-04,27,Low
C0212,India,Small Business,2025-10-11,81,Low
C0213,Canada,Premium,2025-12-10,21,Low
C0214,India,Family,2025-07-18,166,High
C0215,India,Young Professional,2025-06-18,196,High
C0216,Canada,Small Business,2025-10-05,87,Low
C0217,India,Premium,2025-11-15,46,Low
C0218,Canada,Family,2025-10-15,77,Low
C0219,Canada,Premium,2025-05-20,225,High
C0220,Canada,Small Business,2025-03-31,275,High
C0221,Canada,Premium,2025-05-22,223,High
C0222,Canada,Premium,2025-08-08,145,High
C0223,Canada,Premium,2025-12-28,3,Low
C0224,India,Small Business,2025-11-19,42,Low
C0225,Canada,Premium,2024-12-15,381,High
C0226,Canada,Premium,2025-01-24,341,High
C0227,India,Family,2025-11-27,34,Low
C0228,Canada,Family,2025-11-15,46,Low
C0229,Canada,Young Professional,2025-11-21,40,Low
C0230,Canada,Student,2025-09-03,119,High
C0231,Canada,Premium,2025-12-29,2,Low
C0232,India,Premium,2025-10-20,72,Low
C0233,India,Small Business,2025-10-15,77,Low
C0234,India,Young Professional,2025-10-20,72,Low
C0235,India,Young Professional,2025-12-30,1,Low
C0236,India,Young Professional,2025-11-23,38,Low
C0237,Canada,Family,2025-11-08,53,Low
C0238,India,Family,2025-06-25,189,High
C0239,Canada,Small Business,2025-05-26,219,High
C0240,Canada,Young Professional,2025-10-05,87,Low
C0241,Canada,Young Professional,2025-08-12,141,High
C0242,Canada,Premium,2025-06-30,184,High
C0243,Canada,Student,2025-06-23,191,High
C0244,Canada,Young Professional,2025-11-08,53,Low
C0245,India,Young Professional,2025-07-14,170,High
C0246,India,Premium,2025-10-06,86,Low
C0247,Canada,Family,2025-10-17,75,Low
C0248,India,Young Professional,2025-11-19,42,Low
C0249,India,Student,2024-12-31,365,High
C0250,India,Premium,2025-06-03,211,High
C0251,Canada,Student,2025-04-17,258,High
C0252,Canada,Young Professional,2025-09-23,99,High
C0253,Canada,Family,2025-10-06,86,Low
C0254,India,Small Business,2025-06-11,203,High
C0255,Canada,Premium,2025-12-29,2,Low
C0256,India,Premium,2025-11-23,38,Low
C0257,Canada,Young Professional,2025-09-18,104,High
C0258,India,Family,2025-08-26,127,High
C0259,Canada,Young Professional,2025-11-24,37,Low
C0260,Canada,Family,2025-12-13,18,Low
C0261,Canada,Young Professional,2025-02-05,329,High
C0262,Canada,Family,2025-11-21,40,Low
C0263,India,Young Professional,2025-05-19,226,High
C0264,India,Small Business,2025-06-07,207,High
C0265,Canada,Family,2025-10-11,81,Low
C0266,Canada,Premium,2025-03-17,289,High
C0267,Canada,Student,2025-12-17,14,Low
C0268,Canada,Student,2025-12-31,0,Low
C0269,Canada,Small Business,2025-10-15,77,Low
C0270,India,Family,2025-10-04,88,Low
C0271,Canada,Young Professional,2025-05-15,230,High
C0272,India,Student,2025-11-07,54,Low
C0273,India,Premium,2025-12-17,14,Low
C0274,India,Young Professional,2025-10-23,69,Low
C0275,India,Young Professional,2025-06-03,211,High
C0276,Canada,Premium,2025-11-23,38,Low
C0277,Canada,Small Business,2025-07-11,173,High
C0278,India,Family,2025-08-10,143,High
C0279,India,Premium,2025-05-22,223,High
C0280,Canada,Young Professional,2025-01-30,335,High
C0281,Canada,Student,2025-12-05,26,Low
C0282,Canada,Family,2025-12-11,20,Low
C0283,India,Student,2025-09-17,105,High
C0284,Canada,Family,2025-06-07,207,High
C0285,Canada,Family,2025-12-23,8,Low
C0286,Canada,Small Business,2025-11-30,31,Low
C0287,India,Young Professional,2025-03-01,305,High
C0288,Canada,Small Business,2025-12-30,1,Low
C0289,Canada,Family,2025-12-25,6,Low
C0290,India,Family,2025-06-08,206,High
C0291,India,Family,2025-09-10,112,High
C0292,Canada,Young Professional,2025-12-23,8,Low
C0293,Canada,Young Professional,2025-12-09,22,Low
C0294,India,Student,2025-12-20,11,Low
C0295,India,Student,2025-12-03,28,Low
C0296,India,Student,2025-09-10,112,High
C0297,Canada,Young Professional,2025-12-14,17,Low
C0298,Canada,Small Business,2025-06-24,190,High
C0299,Canada,Family,2025-09-28,94,High
C0300,Canada,Premium,2025-08-11,142,High
C0301,Canada,Premium,2025-12-28,3,Low
C0302,Canada,Small Business,2024-12-08,388,High
C0303,India,Small Business,2024-08-02,516,High
C0304,Canada,Young Professional,2025-03-24,282,High
C0305,Canada,Young Professional,2025-12-05,26,Low
C0306,India,Family,2025-06-23,191,High
C0307,India,Premium,2025-08-06,147,High
C0308,Canada,Young Professional,2025-03-29,277,High
C0309,Canada,Family,2025-11-19,42,Low
C0310,India,Premium,2025-05-07,238,High
C0311,India,Family,2025-10-23,69,Low
C0312,Canada,Young Professional,2025-05-17,228,High
C0313,India,Family,2025-11-04,57,Low
C0314,Canada,Family,2025-12-19,12,Low
C0315,Canada,Student,2025-12-30,1,Low
C0316,India,Premium,2025-12-16,15,Low
C0317,India,Family,2025-12-31,0,Low
C0318,India,Family,2025-09-27,95,High
C0319,Canada,Young Professional,2025-11-12,49,Low
C0320,Canada,Family,2025-11-07,54,Low
C0321,Canada,Family,2025-12-05,26,Low
C0322,Canada,Student,2025-10-06,86,Low
C0323,Canada,Premium,2025-08-17,136,High
C0324,Canada,Family,2025-06-23,191,High
C0325,Canada,Young Professional,2025-12-17,14,Low
C0326,Canada,Young Professional,2025-01-03,362,High
C0327,India,Family,2025-07-07,177,High
C0328,India,Young Professional,2025-06-14,200,High
C0329,India,Student,2025-10-30,62,Low
C0330,India,Young Professional,2025-12-17,14,Low
C0331,India,Small Business,2025-10-04,88,Low
C0332,Canada,Premium,2025-11-22,39,Low
C0333,Canada,Young Professional,2025-01-03,362,High
C0334,Canada,Family,2025-12-10,21,Low
C0335,India,Family,2025-11-17,44,Low
C0336,Canada,Student,2025-12-14,17,Low
C0337,India,Premium,2025-12-30,1,Low
C0338,Canada,Family,2025-12-26,5,Low
C0339,India,Small Business,2025-07-11,173,High
C0340,India,Family,2025-09-01,121,High
C0341,India,Student,2025-12-04,27,Low
C0342,Canada,Family,2025-09-07,115,High
C0343,India,Small Business,2025-05-07,238,High
C0344,India,Young Professional,2025-11-09,52,Low
C0345,Canada,Family,2025-07-19,165,High
C0346,Canada,Young Professional,2025-06-29,185,High
C0347,Canada,Young Professional,2025-09-01,121,High
C0348,India,Student,2025-09-16,106,High
C0349,Canada,Small Business,2025-07-02,182,High
C0350,Canada,Family,2025-09-26,96,High
C0351,Canada,Young Professional,2025-09-29,93,High
C0352,India,Student,2025-12-22,9,Low
C0353,Canada,Young Professional,2025-06-16,198,High
C0354,India,Small Business,2025-08-29,124,High
C0355,India,Young Professional,2025-11-19,42,Low
C0356,India,Premium,2025-10-14,78,Low
C0357,India,Young Professional,2025-10-02,90,High
C0358,India,Young Professional,2025-10-13,79,Low
C0359,India,Student,2025-11-29,32,Low
C0360,India,Family,2025-12-28,3,Low
C0361,Canada,Family,2025-11-29,32,Low
C0362,Canada,Young Professional,2025-12-05,26,Low
C0363,Canada,Premium,2025-09-16,106,High
C0364,Canada,Premium,2025-12-18,13,Low
C0365,India,Student,2025-11-21,40,Low
C0366,Canada,Small Business,2025-10-13,79,Low
C0367,India,Student,2025-12-16,15,Low
C0368,Canada,Young Professional,2025-09-24,98,High
C0369,India,Small Business,2025-05-08,237,High
C0370,Canada,Young Professional,2025-12-25,6,Low
C0371,Canada,Young Professional,2025-11-07,54,Low
C0372,India,Young Professional,2025-12-08,23,Low
C0373,India,Small Business,2024-12-23,373,High
C0374,India,Family,2025-03-15,291,High
C0375,India,Young Professional,2025-12-22,9,Low
C0376,Canada,Premium,2024-11-12,414,High
C0377,India,Young Professional,2024-02-06,694,High
C0378,Canada,Student,2025-08-02,151,High
C0379,India,Family,2025-07-20,164,High
C0380,India,Family,2025-12-26,5,Low
C0381,India,Young Professional,2025-09-06,116,High
C0382,India,Small Business,2025-10-01,91,High
C0383,India,Premium,2025-12-03,28,Low
C0384,Canada,Young Professional,2025-08-21,132,High
C0385,India,Young Professional,2025-12-02,29,Low
C0386,India,Premium,2025-09-12,110,High
C0387,India,Family,2025-11-11,50,Low
C0388,India,Small Business,2025-11-22,39,Low
C0389,India,Student,2025-03-12,294,High
C0390,Canada,Young Professional,2025-11-09,52,Low
C0391,India,Young Professional,2025-12-29,2,Low
C0392,Canada,Family,2025-08-07,146,High
C0393,India,Young Professional,2025-11-21,40,Low
C0394,Canada,Young Professional,2025-10-06,86,Low
C0395,Canada,Small Business,2025-12-09,22,Low
C0396,India,Family,2025-06-13,201,High
C0397,Canada,Premium,2025-04-30,245,High
C0398,India,Young Professional,2025-08-15,138,High
C0399,Canada,Young Professional,2025-09-25,97,High
C0400,Canada,Family,2024-08-17,501,High
C0401,India,Family,2025-08-21,132,High
C0402,India,Family,2024-12-29,367,High
C0403,India,Young Professional,2025-12-10,21,Low
C0404,Canada,Young Professional,2025-11-23,38,Low
C0405,Canada,Young Professional,2025-11-01,60,Low
C0406,India,Small Business,2025-11-28,33,Low
C0407,India,Young Professional,2025-12-14,17,Low
C0408,Canada,Young Professional,2025-06-13,201,High
C0409,India,Family,2025-10-20,72,Low
C0410,India,Premium,2025-12-31,0,Low
C0411,India,Young Professional,2025-09-14,108,High
C0412,Canada,Young Professional,2025-12-24,7,Low
C0413,Canada,Small Business,2025-11-09,52,Low
C0414,India,Family,2025-08-31,122,High
C0415,Canada,Premium,2025-11-22,39,Low
C0416,India,Family,2025-08-20,133,High
C0417,India,Young Professional,2025-01-02,363,High
C0418,Canada,Family,2025-03-17,289,High
C0419,India,Small Business,2025-07-26,158,High
C0420,Canada,Family,2025-02-20,314,High
C0421,India,Small Business,2025-12-23,8,Low
C0422,Canada,Family,2025-12-04,27,Low
C0423,India,Family,2025-11-07,54,Low
C0424,India,Family,2025-12-13,18,Low
C0425,India,Small Business,2025-08-27,126,High
C0426,Canada,Young Professional,2025-10-24,68,Low
C0427,Canada,Family,2025-04-27,248,High
C0428,India,Family,2025-07-10,174,High
C0429,India,Family,2025-12-06,25,Low
C0430,Canada,Student,2025-05-05,240,High
C0431,India,Small Business,2025-11-25,36,Low
C0432,Canada,Young Professional,2024-09-04,483,High
C0433,India,Small Business,2025-11-23,38,Low
C0434,Canada,Young Professional,2025-12-14,17,Low
C0435,Canada,Family,2025-11-15,46,Low
C0436,India,Young Professional,2025-12-11,20,Low
C0437,Canada,Young Professional,2025-11-22,39,Low
C0438,Canada,Small Business,2025-11-11,50,Low
C0439,Canada,Family,2025-08-24,129,High
C0440,Canada,Young Professional,2025-12-03,28,Low
C0441,India,Young Professional,2025-11-22,39,Low
C0442,Canada,Small Business,2025-09-25,97,High
C0443,Canada,Premium,2025-11-13,48,Low
C0444,India,Small Business,2025-12-30,1,Low
C0445,Canada,Student,2025-08-21,132,High
C0446,Canada,Young Professional,2025-02-18,316,High
C0447,India,Family,2025-11-13,48,Low
C0448,Canada,Family,2025-04-04,271,High
C0449,Canada,Small Business,2025-12-14,17,Low
C0450,Canada,Student,2025-11-04,57,Low
C0451,India,Family,2025-10-04,88,Low
C0452,Canada,Young Professional,2025-02-25,309,High
C0453,India,Small Business,2025-11-09,52,Low
C0454,Canada,Small Business,2025-12-28,3,Low
C0455,India,Family,2025-12-27,4,Low
C0456,India,Young Professional,2025-10-14,78,Low
C0457,Canada,Family,2025-11-21,40,Low
C0458,India,Small Business,2025-11-11,50,Low
C0459,Canada,Premium,2025-04-21,254,High
C0460,Canada,Premium,2025-10-22,70,Low
C0461,Canada,Premium,2025-12-03,28,Low
C0462,India,Family,2025-09-14,108,High
C0463,India,Family,2025-11-07,54,Low
C0464,India,Family,2025-04-04,271,High
C0465,Canada,Premium,2025-05-08,237,High
C0466,India,Student,2025-10-27,65,Low
C0467,India,Family,2025-08-04,149,High
C0468,Canada,Premium,2025-12-27,4,Low
C0469,Canada,Family,2025-08-07,146,High
C0470,India,Small Business,2025-12-16,15,Low
C0471,Canada,Premium,2025-12-13,18,Low
C0472,Canada,Small Business,2025-10-17,75,Low
C0473,Canada,Small Business,2025-12-01,30,Low
C0474,Canada,Family,2025-06-18,196,High
C0475,Canada,Family,2025-10-14,78,Low
C0476,Canada,Young Professional,2025-10-17,75,Low
C0477,Canada,Premium,2025-12-02,29,Low
C0478,India,Student,2025-11-30,31,Low
C0479,India,Small Business,2025-12-06,25,Low
C0480,Canada,Young Professional,2025-10-20,72,Low
C0481,Canada,Student,2024-09-08,479,High
C0482,India,Student,2024-10-10,447,High
C0483,India,Young Professional,2025-10-28,64,Low
C0484,Canada,Student,2024-12-01,395,High
C0485,India,Small Business,2025-02-04,330,High
C0486,Canada,Family,2025-10-29,63,Low
C0487,Canada,Young Professional,2025-12-06,25,Low
C0488,India,Family,2025-12-03,28,Low
C0489,India,Young Professional,2025-11-25,36,Low
C0490,India,Premium,2025-12-20,11,Low
C0491,Canada,Student,2025-10-20,72,Low
C0492,India,Young Professional,2025-12-07,24,Low
C0493,Canada,Premium,2025-03-29,277,High
C0494,India,Young Professional,2025-12-15,16,Low
C0495,Canada,Student,2025-12-11,20,Low
C0496,Canada,Family,2025-12-01,30,Low
C0497,Canada,Family,2025-12-14,17,Low
C0498,India,Small Business,2025-04-01,274,High
C0499,India,Young Professional,2025-12-25,6,Low
C0500,Canada,Young Professional,2025-04-21,254,High
C0501,India,Family,2025-05-21,224,High
C0502,India,Family,2025-12-01,30,Low
C0503,Canada,Family,2025-11-03,58,Low
C0504,Canada,Young Professional,2025-12-27,4,Low
C0505,Canada,Family,2025-09-26,96,High
C0506,Canada,Premium,2025-03-24,282,High
C0507,India,Family,2025-09-01,121,High
C0508,India,Family,2025-09-05,117,High
C0509,India,Student,2025-07-11,173,High
C0510,India,Family,2025-12-12,19,Low
C0511,Canada,Family,2025-10-03,89,Low
C0512,Canada,Small Business,2025-12-18,13,Low
C0513,India,Young Professional,2025-11-29,32,Low
C0514,India,Family,2025-05-21,224,High
C0515,India,Young Professional,2025-04-06,269,High
C0516,India,Student,2025-11-27,34,Low
C0517,India,Small Business,2025-11-28,33,Low
C0518,India,Student,2025-08-15,138,High
C0519,India,Small Business,2025-09-23,99,High
C0520,Canada,Small Business,2025-04-12,263,High
C0521,Canada,Student,2025-12-24,7,Low
C0522,India,Premium,2025-09-13,109,High
C0523,Canada,Young Professional,2025-12-30,1,Low
C0524,India,Small Business,2025-06-17,197,High
C0525,Canada,Young Professional,2025-09-16,106,High
C0526,Canada,Young Professional,2025-10-21,71,Low
C0527,India,Premium,2025-12-31,0,Low
C0528,India,Young Professional,2025-09-22,100,High
C0529,India,Family,2025-09-19,103,High
C0530,India,Premium,2025-08-23,130,High
C0531,India,Young Professional,2025-10-27,65,Low
C0532,India,Family,2025-07-17,167,High
C0533,Canada,Family,2025-11-29,32,Low
C0534,Canada,Young Professional,2025-10-05,87,Low
C0535,India,Young Professional,2025-11-20,41,Low
C0536,India,Family,2025-07-19,165,High
C0537,India,Small Business,2025-09-29,93,High
C0538,Canada,Young Professional,2025-08-03,150,High
C0539,India,Family,2025-10-22,70,Low
C0540,Canada,Premium,2025-11-07,54,Low
C0541,Canada,Family,2025-03-13,293,High
C0542,India,Young Professional,2025-10-25,67,Low
C0543,Canada,Student,2025-12-12,19,Low
C0544,India,Young Professional,2025-04-19,256,High
C0545,India,Young Professional,2025-07-20,164,High
C0546,India,Young Professional,2025-03-22,284,High
C0547,Canada,Young Professional,2025-09-30,92,High
C0548,India,Small Business,2025-08-07,146,High
C0549,India,Small Business,2025-05-21,224,High
C0550,Canada,Family,2025-12-02,29,Low
C0551,Canada,Young Professional,2025-05-04,241,High
C0552,Canada,Premium,2025-12-19,12,Low
C0553,Canada,Young Professional,2025-10-22,70,Low
C0554,India,Student,2025-12-06,25,Low
C0555,Canada,Young Professional,2025-09-20,102,High
C0556,Canada,Premium,2025-03-02,304,High
C0557,Canada,Premium,2025-12-09,22,Low
C0558,Canada,Young Professional,2025-11-23,38,Low
C0559,India,Premium,2024-12-11,385,High
C0560,India,Student,2025-07-21,163,High
C0561,India,Young Professional,2025-09-25,97,High
C0562,India,Premium,2025-12-27,4,Low
C0563,Canada,Student,2025-03-22,284,High
C0564,Canada,Family,2025-09-06,116,High
C0565,Canada,Student,2025-11-19,42,Low
C0566,Canada,Family,2025-11-26,35,Low
C0567,Canada,Student,2025-11-04,57,Low
C0568,India,Young Professional,2025-11-19,42,Low
C0569,Canada,Premium,2025-11-05,56,Low
C0570,Canada,Family,2025-10-31,61,Low
C0571,India,Family,2025-07-15,169,High
C0572,India,Young Professional,2025-12-23,8,Low
C0573,Canada,Family,2025-04-23,252,High
C0574,India,Premium,2025-11-27,34,Low
C0575,Canada,Small Business,2025-06-05,209,High
C0576,India,Young Professional,2025-12-10,21,Low
C0577,Canada,Student,2025-10-12,80,Low
C0578,Canada,Family,2025-11-16,45,Low
C0579,Canada,Small Business,2025-11-03,58,Low
C0580,Canada,Young Professional,2025-03-08,298,High
C0581,Canada,Young Professional,2025-10-13,79,Low
C0582,India,Family,2025-10-20,72,Low
C0583,India,Family,2025-10-15,77,Low
C0584,Canada,Premium,2024-11-02,424,High
C0585,Canada,Student,2024-04-20,620,High
C0586,Canada,Young Professional,2025-12-31,0,Low
C0587,Canada,Young Professional,2025-08-02,151,High
C0588,Canada,Premium,2025-12-22,9,Low
C0589,India,Student,2025-10-23,69,Low
C0590,India,Young Professional,2025-12-28,3,Low
C0591,India,Family,2025-09-14,108,High
C0592,India,Student,2025-09-03,119,High
C0593,Canada,Student,2025-11-05,56,Low
C0594,India,Family,2025-09-01,121,High
C0595,Canada,Young Professional,2025-12-11,20,Low
C0596,India,Small Business,2025-12-29,2,Low
C0597,India,Young Professional,2025-11-03,58,Low
C0598,Canada,Young Professional,2025-11-13,48,Low
C0599,Canada,Young Professional,2025-12-10,21,Low
C0600,Canada,Small Business,2025-09-11,111,High
C0601,Canada,Family,2025-11-26,35,Low
C0602,India,Student,2025-10-30,62,Low
C0603,Canada,Family,2025-10-10,82,Low
C0604,India,Young Professional,2025-12-14,17,Low
C0605,India,Young Professional,2025-10-25,67,Low
C0606,Canada,Premium,2025-11-12,49,Low
C0607,India,Young Professional,2024-10-10,447,High
C0608,Canada,Student,2025-11-27,34,Low
C0609,India,Student,2025-12-12,19,Low
C0610,India,Premium,2025-11-04,57,Low
C0611,India,Family,2025-05-24,221,High
C0612,Canada,Young Professional,2025-12-30,1,Low
C0613,Canada,Student,2025-01-07,358,High
C0614,Canada,Young Professional,2025-11-02,59,Low
C0615,Canada,Student,2025-08-10,143,High
C0616,India,Premium,2025-12-20,11,Low
C0617,Canada,Family,2025-08-25,128,High
C0618,Canada,Small Business,2025-12-15,16,Low
C0619,India,Young Professional,2025-12-01,30,Low
C0620,India,Young Professional,2025-10-04,88,Low
C0621,India,Small Business,2025-12-24,7,Low
C0622,Canada,Small Business,2025-12-29,2,Low
C0623,India,Young Professional,2025-12-03,28,Low
C0624,India,Family,2025-12-02,29,Low
C0625,Canada,Young Professional,2025-11-19,42,Low
C0626,India,Premium,2025-11-12,49,Low
C0627,India,Family,2025-08-30,123,High
C0628,Canada,Family,2025-12-15,16,Low
C0629,Canada,Young Professional,2025-09-05,117,High
C0630,Canada,Student,2025-05-28,217,High
C0631,India,Family,2025-02-10,324,High
C0632,India,Young Professional,2025-11-25,36,Low
C0633,India,Student,2025-05-12,233,High
C0634,India,Young Professional,2025-04-29,246,High
C0635,Canada,Family,2025-06-30,184,High
C0636,Canada,Young Professional,2025-07-09,175,High
C0637,Canada,Family,2025-08-04,149,High
C0638,Canada,Family,2025-10-10,82,Low
C0639,Canada,Young Professional,2025-08-21,132,High
C0640,Canada,Family,2025-11-03,58,Low
C0641,India,Young Professional,2025-04-12,263,High
C0642,India,Young Professional,2025-10-12,80,Low
C0643,India,Premium,2025-12-29,2,Low
C0644,Canada,Family,2025-09-30,92,High
C0645,Canada,Family,2025-09-26,96,High
C0646,Canada,Premium,2025-12-06,25,Low
C0647,India,Family,2025-12-13,18,Low
C0648,India,Student,2025-12-26,5,Low
C0649,Canada,Premium,2025-08-05,148,High
C0650,Canada,Family,2025-07-22,162,High
